City,Firm,Radius,Link
New York,"Rosenbaum & Rosenbaum, P.C.",5 miles,https://drive.google.com/file/d/1eLj3k7TdXXRejc-Yb2vNz2naH55Yh3Sp/view?usp=sharing
New York,"Mirman, Markovits & Landau",5 miles,https://drive.google.com/file/d/1Rs-WSdKlMFmExPjX9DUa6HeSqygjfZv3/view?usp=sharing
New York,"Wingate, Russotti, Shapiro & Halperin, LLP",5 miles,https://drive.google.com/file/d/1zWqPTh0NUUO2yU3MBaKkhNUPoJu9AYXV/view?usp=sharing
New York,"Hach & Rose, LLP",5 miles,https://drive.google.com/file/d/1odcSLj9tg17XnV3rzop8dD3vdAUGpn7Y/view?usp=sharing
New York,"Greenstein & Milbauer, LLP",5 miles,https://drive.google.com/file/d/1YFFB4goothQx47AlnYVpWSJCN9lmujpA/view?usp=sharing
New York,"The Rybak Firm, PLLC",5 miles,https://drive.google.com/file/d/1jwV75zelsDMxxiKlYe2KsFL_uyn3jcc6/view?usp=sharing
New York,"The Dearie Law Firm, P.C.",5 miles,https://drive.google.com/file/d/1k4V5IeBhNB8YCspYguwlppCyWgxHUhEr/view?usp=sharing
New York,The Law Office of Richard M. Kenny,5 miles,https://drive.google.com/file/d/1_WsYuqw3OhWR7c82DfRLcgnXS6tsuktI/view?usp=sharing
New York,"Kaplan Lawyers, PC",5 miles,https://drive.google.com/file/d/1TINEG3DBaGXAsKbz2-0q4nU3RIeRPpu0/view?usp=sharing
New York,"William Mattar, P.C.",5 miles,https://drive.google.com/file/d/12zvFgP2RppkcX6--zOjzoR2P1x-189V3/view?usp=sharing
Los Angeles,"J&Y Law Firm, 1880 Century Park East, Suite 717, Los Angeles, CA 90067",5 miles,https://drive.google.com/file/d/18lCMT0c3cW45TING88Gq-DnbbslLIBfB/view?usp=sharing
Los Angeles,Farzam Law firm,5 miles,https://drive.google.com/file/d/16dobc2Eh66zY2jKbN__nzsd2D15MGSGK/view?usp=sharing
Los Angeles,Arash Law,5 miles,https://drive.google.com/file/d/1TLtkXiRWYwUFig0UHaJ5l3YMA8UUWrOm/view?usp=sharing
Los Angeles,"McNicholas & McNicholas, LLP, 10866 Wilshire Blvd., Suite 1400, Los Angeles, CA 90024",5 miles,https://drive.google.com/file/d/1CY2i2CPvMBBNvfmt6FfHCRi1QIcmuI3z/view?usp=sharing
Los Angeles,Jacoby & Meyers,5 miles,https://drive.google.com/file/d/1Buyz9I6TVHPo5hfE9dp5q7Ui_Xo5kIeg/view?usp=sharing
Los Angeles,Belal Hamideh Law,5 miles,https://drive.google.com/file/d/1GPtdDZMa2PsqRQoU2r9pRX3Ijfe2GO3s/view?usp=sharing
Los Angeles,"Rose, Klein & Marias LLP",5 miles,https://drive.google.com/file/d/1pGdbA5Jp3lE4PW0wTVMOwt8SH38O8AnK/view?usp=sharing
Los Angeles,The Reeves Law Group,5 miles,https://drive.google.com/file/d/1oeAxYtKJetby6-8K_ihmXjsY1tZ2EALH/view?usp=sharing
Los Angeles,THE BARNES FIRM,5 miles,https://drive.google.com/file/d/17OrkmbJ_SlWlg_2-9HdT0VAb_MQ58y1f/view?usp=sharing
Los Angeles,Panish Shea & Boyle LLP,5 miles,https://drive.google.com/file/d/1f23y4qDp2fmvU4UDyIE842rxLVDoNgjy/view?usp=sharing
Chicago,Shuman Legal,5 miles,https://drive.google.com/file/d/1hIraHsovrdJQ1a0_EaF5oTH8RD63Y7cB/view?usp=sharing
Chicago,Rosenfeld Injury Lawyers LLC,5 miles,https://drive.google.com/file/d/1E-aVRclOcrCk6aN9fd5haHKBIEwHBpK-/view?usp=sharing
Chicago,GWC Injury Lawyers,5 miles,https://drive.google.com/file/d/1Tc8KMt71J-UN5m6UqMLt1GtuCffAvkUs/view?usp=sharing
Chicago,Briskman Briskman & Greenberg,5 miles,https://drive.google.com/file/d/1CVgePFuYXYdt7I0Wh-1rmiyN2pQIwkR1/view?usp=sharing
Chicago,Duncan Law Group,5 miles,https://drive.google.com/file/d/1KT9Z1NGXYx1PgUMTvRL5ry3C3qGyTKVU/view?usp=sharing
Chicago,Ankin Law,5 miles,https://drive.google.com/file/d/1GM7I1XSPIxyKuCdTPcetJFbxVZ1wLd3V/view?usp=sharing
Chicago,Malman Law,5 miles,https://drive.google.com/file/d/1dbg_td3v1vRaJhuIw3VZZF3lyHZI6KfS/view?usp=sharing
Chicago,Thomas Law Offices,5 miles,https://drive.google.com/file/d/1joXQNe0_ivLBT43_i17xxyvAAfJzY_K9/view?usp=sharing
Chicago,Gainsberg Law P.C.,5 miles,https://drive.google.com/file/d/1_IntaewVdN9DZHAaCp8ggPxysJYzz3WK/view?usp=sharing
Chicago,"Abels & Annes, P.C.",5 miles,https://drive.google.com/file/d/1atZpj4ZlZxtIN_f-vstLSNdNXyhx5fMA/view?usp=sharing
Miami,Spencer Morgan Law,5 miles,https://drive.google.com/file/d/10Wul4F-wq8yWBtHEYjfnL3DNs82MolhK/view?usp=sharing
Miami,The Pendas Law Firm,5 miles,https://drive.google.com/file/d/1_eSOqf8FY2l6A10-4h9ckkfwA3e5nrZZ/view?usp=sharing
Miami,"Gerson & Schwartz, PA",5 miles,https://drive.google.com/file/d/1_eSOqf8FY2l6A10-4h9ckkfwA3e5nrZZ/view?usp=sharing
Miami,The Perazzo Law Firm,5 miles,https://drive.google.com/file/d/1z3aOOMJ1aL-ksDlRfU8IEAz6wL3bEukM/view?usp=sharing
Miami,"Sibley Dolman Gipe Accident Injury Lawyers, PA",5 miles,https://drive.google.com/file/d/14VRBjoAxRiyXeGMn8PJzxyjGEplHx5Fv/view?usp=sharing
Miami,Dante Law Firm,5 miles,https://drive.google.com/file/d/19ub52iVywgvfl_IJozfqxYisZVjDbGc2/view?usp=sharing
Miami,Wolfson Law Firm,5 miles,https://drive.google.com/file/d/1Ra0IfhNiO6DjMfK6y1DqoI6oP00jI6-M/view?usp=sharing
Miami,Amanda Demanda Law Group,5 miles,https://drive.google.com/file/d/14_hyG_5oV4u7YkOU5WxsUUgzJec91XRG/view?usp=sharing
Miami,Leighton Law,5 miles,https://drive.google.com/file/d/1dOMu52aTNh5aVuk-7mh00QC2QAo5WVRP/view?usp=sharing
Miami,Borrow Law,5 miles,https://drive.google.com/file/d/1Howx2Fr-wkXR64eOElKVmD1xKg4IhlZI/view?usp=sharing
Dallas,Kraft & Associates,5 miles,https://drive.google.com/file/d/1EXBIWEL4Yxe6S0h5LF1_MxFgEb3b4vG8/view?usp=sharing
Dallas,"Tate Law Offices, P.C.",5 miles,https://drive.google.com/file/d/15lgwjcfHp-M9y7Dl7ywuOzkS5DDqRZx8/view?usp=sharing
Dallas,The Barber Law Firm,5 miles,https://drive.google.com/file/d/10imREBrrYcyw2MLtbFFh2PrUaSWegrCc/view?usp=sharing
Dallas,Jim Adler & Associates,5 miles,https://drive.google.com/file/d/16rcNJdt7V69itskEoTrX17SM2_SB7Oki/view?usp=sharing
Dallas,Ramey Law Firm,5 miles,https://drive.google.com/file/d/1auUPHUKWEG8lP2IU_ZJpGVlDC-YzAw4r/view?usp=sharing
Dallas,Frenkel & Frenkel,5 miles,https://drive.google.com/file/d/1bmNzLuNvO6qxZPFkPC1IdYrfO2z_CA1i/view?usp=sharing
Dallas,Rasansky Law Firm,5 miles,https://drive.google.com/file/d/1MWfKvM-9KjggciQnJDTN12fgGwbiEb40/view?usp=sharing
Dallas,Law Offices of Doug Goyen,5 miles,https://drive.google.com/file/d/1zwLsQxD5xROrCyiQJqGqViQ_DMHfcMi_/view?usp=sharing
Dallas,Witherite Law Group,5 miles,https://drive.google.com/file/d/12NIYG1seAdSPgQoy9ZPaKuGOtmwGX2kD/view?usp=sharing
Dallas,McGilberry & Shirer LLP,5 miles,https://drive.google.com/file/d/1Ov5-ui-RRQFI5LBx0A8DwG44kDwo8O1G/view?usp=sharing
Philadelphia,The Levin Firm,5 miles,https://drive.google.com/file/d/1Typ4kzWfu92UtWdFNe4HOkkeiJv9CZi0/view?usp=sharing
Philadelphia,Ciccarelli Law Offices,5 miles,https://drive.google.com/file/d/1GOvlGhKWy26lerIvCglXOg1xcfbFAnSE/view?usp=sharing
Philadelphia,Wieand Law Firm,5 miles,https://drive.google.com/file/d/1si8IRNw3UqQNxzOt_n-pon0sxh5E6AAp/view?usp=sharing
Philadelphia,Munley Law,5 miles,https://drive.google.com/file/d/11TtxGgixMXz-cXLbzAkZkd_3jKE5DZ2i/view?usp=sharing
Philadelphia,Rosenbaum & Associates,5 miles,https://drive.google.com/file/d/1Y5iLK5UZG_1LUuclMVdm2BbnE_blhQ9i/view?usp=sharing
Philadelphia,"Soloff & Zervanos, P.C.",5 miles,https://drive.google.com/file/d/1ZZYE4_zcn-w9gEu8TFMAutcHIavwZXSa/view?usp=sharing
Philadelphia,"The Rothenberg Law Firm, LLP",5 miles,https://drive.google.com/file/d/1-Eri2TFUAr1GZEfroKKBMz12SOgcS0-H/view?usp=sharing
Philadelphia,Shrager & Sachs,5 miles,https://drive.google.com/file/d/1oPVz9_cn0Gz4NusO3kKnYxWiPO0bXyPp/view?usp=sharing
Philadelphia,Brod Law Firm,5 miles,https://drive.google.com/file/d/1dbTlLRcUhNUPReeG0WVtpKoG49uAhFtN/view?usp=sharing
Philadelphia,"Zavodnick, Zavodnick & Lasky, LLC",5 miles,https://drive.google.com/file/d/1l-Hy21ZneZQayLp1MHjSCxjf8RENrYx7/view?usp=sharing
Houston,Jim Adler & Associates,5 miles,https://drive.google.com/file/d/1RV6vvAhUskNeHYtr6rEoQOXzgovC2Nxf/view?usp=sharing
Houston,"Simmons and Fletcher, P.C.",5 miles,https://drive.google.com/file/d/1soEqBLuSMW-oo4NXqpdRK_pBczP9uIeR/view?usp=sharing
Houston,Sutliff & Stout Injury & Accident Law Firm,5 miles,https://drive.google.com/file/d/1Og6v8aabXuGPo6d3LVt6TYV1oWmmfaRc/view?usp=sharing
Houston,STEWART J GUSS INJURY ACCIDENT LAWYERS,5 miles,https://drive.google.com/file/d/1GNiheBN_BeGKXXdJ6zNM3tcNVBoHXgs2/view?usp=sharing
Houston,Baumgartner Law Firm,5 miles,https://drive.google.com/file/d/17ZpK-xOMQJ4zuqDhFD-BiJYFQhMxs-cu/view?usp=sharing
Houston,Abraham Watkins,5 miles,https://drive.google.com/file/d/1GtQcQxF8b7y2PqKYwbzik9UzVXSWrti4/view?usp=sharing
Houston,Smith & Hassler,5 miles,https://drive.google.com/file/d/1rggxcB7eh5CLeJR8ZLU2DE1lobDyS3y9/view?usp=sharing
Houston,Livingston & Flowers,5 miles,https://drive.google.com/file/d/1xFbCzsHC3tLAZXNgGLJe7biwozfL30bF/view?usp=sharing
Houston,Charles J. Argento & Associates,5 miles,https://drive.google.com/file/d/1PPVX8HPKjc2xVO0yxmMMGILJ_HmlATL1/view?usp=sharing
Houston,Mithoff Law,5 miles,https://drive.google.com/file/d/17XyAjQYTkdkBafbB1qJK9UDSU9ZWfXwf/view?usp=sharing
Atlanta,Katz Personal Injury Lawyers,5 miles,https://drive.google.com/file/d/17-hBn9oNOv23EZnCNhbReLSnihbW3o9D/view?usp=sharing
Atlanta,Fried Goldberg LLC,5 miles,https://drive.google.com/file/d/1np3_95nSpjI7WZUEmHhLZiNUT9SmD7ch/view?usp=sharing
Atlanta,Butler Law Firm,5 miles,https://drive.google.com/file/d/1r2cLc8RR5JSp4HMKweSpbzxxLuK3y4Pm/view?usp=sharing
Atlanta,"Bey & Associates, LLC",5 miles,https://drive.google.com/file/d/1runa4r0aN3ZgCUqmFuYKaVMiE9rnyeTV/view?usp=sharing
Atlanta,Butler Wooten & Peak LLP,5 miles,https://drive.google.com/file/d/1vYXGlQk0qTW4ZyQ6bzzZFGHe16W2ex2U/view?usp=sharing
Atlanta,Tobin Injury Law,5 miles,https://drive.google.com/file/d/1Mqnry31po1FszQZmNdqCOtGMhXT_NFGG/view?usp=sharing
Atlanta,The Weinstein Firm LLC,5 miles,https://drive.google.com/file/d/10-rCWm0Dq7Ymfc4m8M7ECPN_HBURHQYb/view?usp=sharing
Atlanta,John B. Jackson and Associates,5 miles,https://drive.google.com/file/d/1bnLieewCpe1sj-t7jcWwDmqOHdDkzKN_/view?usp=sharing
Atlanta,Kaine Law,5 miles,https://drive.google.com/file/d/1EUucl7sgaTU9LUsZx2V_8Q9_W_FkavMn/view?usp=sharing
Atlanta,John Foy & Associates,5 miles,https://drive.google.com/file/d/1OcKjogo7xcuXHL_wo-I56Gyt-EJBG4qN/view?usp=sharing
Washington,Regan Zambri Long,5 miles,https://drive.google.com/file/d/1soWQq2fv7fYG4Q3mZkl60jAPwcUg5oJO/view?usp=sharing
Washington,Boohoff Law P.A.,5 miles,https://drive.google.com/file/d/19Fshh9ePUSVkU0KowTlMtUwrsnmADb1t/view?usp=sharing
Washington,Khan Law Firm PLLC,5 miles,https://drive.google.com/file/d/1lxtLJ38Try3sG_qH2vKp8hgUU7VMq5B6/view?usp=sharing
Washington,Cohen & Cohen P.C.,5 miles,https://drive.google.com/file/d/1Q0a1O7ppkS2hlW8-LME5uuvpn048LDCP/view?usp=sharing
Washington,Premier Law Group,5 miles,https://drive.google.com/file/d/1C4Vjva4skTKqtzHSgkBdaxxndraVrRMj/view?usp=sharing
Washington,Simeone & Miller LLP,5 miles,https://drive.google.com/file/d/1hEUweav14G2PBWHJysA9hulQmiabhA6t/view?usp=sharing
Washington,The Scott Law Firm,5 miles,https://drive.google.com/file/d/17WkYfLLBjo_eSHunZJ7hgTc2gAEF6ZsA/view?usp=sharing
Washington,"Chaikin, Sherman, Cammarata & Siegel, P.C.",5 miles,https://drive.google.com/file/d/15EYXlfXkMa7zKC9WGYs3BnOxDmnj-ug7/view?usp=sharing
Washington,Patrick Malone & Associates,5 miles,https://drive.google.com/file/d/1gTMDcdHlWGZuw4iidZT9Y4zO_RQ509HP/view?usp=sharing
Washington,Washington Law Center,5 miles,https://drive.google.com/file/d/137ABQeqbMpBV3hA6r4WQ9_Dgd7eBq25w/view?usp=sharing
Boston,Law Offices of Jeffrey S. Glassman,5 miles,https://drive.google.com/file/d/1t9HVCGKeNenB_dGF79GyOgbFrSfD4baN/view?usp=sharing
Boston,"Joel H. Schwartz, P.C.",5 miles,https://drive.google.com/file/d/1qt_RwmZEAFAodRQaoyPy4BD38B_bkZiy/view?usp=sharing
Boston,Sweeney Merrigan,5 miles,https://drive.google.com/file/d/1ICZP0eG5Nrk9YRjJtturKfhABik32-fr/view?usp=sharing
Boston,"Breakstone, White & Gluck",5 miles,https://drive.google.com/file/d/1qLNnLQnkCQXKjER0CNfL8xyZylEJqil2/view?usp=sharing
Boston,Belloti Law Group,5 miles,https://drive.google.com/file/d/1xM5SdUamUeCHelO9Mzn2FlMRTQFue19Q/view?usp=sharing
Boston,Feinberg & Alban PC,5 miles,https://drive.google.com/file/d/1P0ZYSPXwXlr1h4XaiNW7_O461UvD5jTf/view?usp=sharing
Boston,Swartz & Swartz,5 miles,https://drive.google.com/file/d/1ZDdyJGOdj3-YUosd8rLQknH-5wa8-A0c/view?usp=sharing
Boston,Jason Stone Injury Lawyers,5 miles,https://drive.google.com/file/d/1cUfOcCdvxcsvogte3y8jPCiXltt3BTOa/view?usp=sharing
Boston,Parker Scheer LLP,5 miles,https://drive.google.com/file/d/1PVRmnkzmEsthlFXq8pN4bk5PjO-ljDcc/view?usp=sharing
Boston,Law Offices of Mark E. Salomone,5 miles,https://drive.google.com/file/d/13C4oWWUE_DNFjfsO8WOi3wKzLrho8-ZL/view?usp=sharing
